Disease	Genes count	Genes percentage	Fold change	P-value	FDR	Gene symbols	Entrez Gene IDs	PMIDs
Osteochondrodysplasias	3	0.0142857142857143	2.97881773399015	7.954e-02	4.69286	COL11A2|FLNB|CHST3	1302|2317|9469	7859284,10677296,15558753,18381781,21204229,22246659|7485161,15994868,16752402,22190451,23401428|15215498,18513679,19320654,26572954,27753269
Spastic Paraplegia, Hereditary	2	0.00952380952380952	2.50393374741201	1.900e-01	5.605	KIF1A|ZFYVE26	547|23503	16434418,21487076,22258533,25585697,26410750,27034427|11342696,17661097,18332254,18394578,19805727,19917823,20613862,21545838,23825025,24030950,26492578
Malaria, Falciparum	2	0.00952380952380952	1.59973544973545	3.565e-01	7.01116666666667	CD36|CR1	948|1378	11377606,12496189,12971464,15478802,16002039,18671254,19055786,19136129,19413744,19864601,20459687,21390226,21949655,22050542,22909232,24009511,26385579|9230440,12486610,14694201,16277654,19480840,20459687,20889874,21251929,21593778,21727667,21985366,23152904
Anemia, Sickle Cell	2	0.00952380952380952	1.251966873706	4.767e-01	7.031325	HBA2|BCAM	3040|4059	909779,9886305,12673836,24100324,25042611,25065854|14755370,18514010,20562314,20566895,20655789,22941965,24616094,26137540
AIDS Dementia Complex	2	0.00952380952380952	1.10750915750916	5.420e-01	6.3956	CD4|MAPK1	920|5594	7874384,10393974,10430052,10482576,10582593,11312658,11517385,12402167,15194768,15890908,15936090,16309726,16979207,17084877,19103208,21165790,22124968|9403476,11532249,12491158,12775419,17897354,18092356,18569454,19287189,19455469,20839920,21172429,25164676
Adenocarcinoma, Mucinous	2	0.00952380952380952	1.03766623766624	5.775e-01	5.67875	MUC2|MUC16	4583|94025	12490305,12527922,16142311,16733847,18299935,18487999,20198318,20485009,21441843,22269464,24280573,24324582,24714692,25298197|19937162,20009886,20598042,21344262,21836488,23343214,23669443,24083699,24551091,25667483,25978292,27221870
Retinitis Pigmentosa	2	0.00952380952380952	0.951908697363243	6.245e-01	5.26364285714286	IMPDH1|RPGR	3614|6103	7635473,7814030,8513324,11875049,11875050,15465556,15851576,16038673,16214101,16272056,16384941,18552984,21791244,22183375,23534816,24940031|2300556,7611300,8673101,8817343,9326322,9399904,9418727,9677393,9855162,9990021,10094550,10401007,10480356,10482958,10725384,10737996,10932196,10937588,10970770,10980543,11104772,11180598,11702207,11754050,11857109,11992260,12140192,12657579,14516808,14564670,14566651,15364249,16043481,16052169,16086276,16273303,16387007,16917484,16935610,16936086,16969763,17093403,17195164,17249551,17325176,17405150,17480003,17724181,17893654,17898302,17923551,18332319,19218993,19430481,19834030,20021257,20238008,20574030,20591486,20631154,20664800,20806050,21174525,21227725,21683121,21857984,21866333,21914266,22577079,22888088,23150612,23372056,23681342,24428633,24454928,24555744,24664734,25301933,25352739,25556114,25569437,26431479,27323122,27911705,28172980,28814713
Macular Degeneration	2	0.00952380952380952	0.762787764112267	7.415e-01	5.4685625	C3|HMCN1	718|83872	16452172,17634448,17767156,18325906,18596911,18936151,19015224,19048105,19117936,19168221,19202148,19234341,19255449,19259132,19399715,19661236,19797206,19823576,19825847,19850835,19899988,20157618,20238042,20381870,20385819,20385826,20576771,20664795,20861866,20888482,21402993,21555552,21665990,21816153,22174912,22273503,22705344,22930722,23209669,23233260,23337555,23365660,23455636,23661701,24453474,24519512,24557084,25388911,25802332,26505407,28095095|9715689,14570714,15370542,15467524,16885922,17057786,17157600,17216616,17591627,25986072
Proteinuria	2	0.00952380952380952	0.724408505540581	7.669e-01	5.02745555555556	C3|CUBN	718|8029	18253759,21566112,22673887,23134230,23533145,23892798|10552972,12687456,21082674,21750092,21903995,22574174,22929189,23533145
Acquired Immunodeficiency Syndrome	2	0.00952380952380952	0.715409642117717	7.729e-01	4.56011	CD4|CDK9	920|1025	1348943,1373203,1374095,1381201,1402655,1489581,1551875,1674549,1702842,1709701,1721822,1724568,1736938,1910691,1970124,2062847,2068099,2082620,2190605,2436231,2437327,2438696,2441727,2462895,2468713,2523711,2541915,2571187,2830667,2833917,2986290,2986291,2990682,3001934,3006256,3016552,3018753,3027168,3037522,3038935,3304356,3484980,3495568,3497054,3500514,3652531,3682024,6096719,7506554,7506556,7692037,7769687,7867080,8331733,8356059,8421893,8437228,8437234,8474162,8497074,8516299,8615032,8674119,8674120,8798972,8798974,8827218,8878430,8995603,9604776,10364484,10774549,12091904,12120995,12163558,12634405,15033690,15481145,15956589,15975620,16182193,16728975,16979207,17034868,17042973,17077296,17436226,17721546,18672260,18786994,18808677,19000821,19018669,19301975,19917496,20012528,20698725,22103836,22640559,23218949,23878231,24465014,24748005|10536359,14984439,20012528,21951552,25731772
Fatty Liver	2	0.00952380952380952	0.698066378066378	7.845e-01	4.20777272727273	APOB|CD36	338|948	14967820,15790761,17158591,18848826,20150556,21502677,22443280,23723369,24173238|20408954,21250778,21270117,24134687,25197426,27034954
Metabolic Syndrome	3	0.0142857142857143	0.62825974025974	8.604e-01	4.2303	APOB|C3|CD36	338|718|948	17299378,17647275,18388068,19020660,19056482,19450572,19642912,19713673,20213498,20368199,20539018,20816677,21122859,21138461,21801720,21958700,21960651,22211563,22399527,22471842,22674204,23973688,24265415,25025299,26868509,27055959|15090635,18805911,19828715,19913840,20926148,22138144,25746915,25813686,26503818,27029598|16219805,18305138,20139232,20223461,21250778,22047506,22588808,23249574,27144937
Polycystic Ovary Syndrome	2	0.00952380952380952	0.553754578754579	8.799e-01	3.99339230769231	AR|FBN3	367|84467	11788641,11804942,15950642,16793958,17334586,18191848,18192296,18303071,18483883,18555222,18697861,19172534,20190557,20450840,20691435,20734064,20865044,21050150,22068615,22107839,22344533,22695532,22724574,23182796,23599814,23628801,24116069,24336678,24986529,25148265,25825716,26511871,27163385|17785364,19692420,20200332,20630504,20855553,21411746,22301903,23265956
Insulin Resistance	4	0.019047619047619	0.478922878922879	9.701e-01	4.08827857142857	APOB|C3|CD36|NUCB2	338|718|948|4925	12529498,14967820,16614317,17349073,17463246,17601988,17647275,18684539,18848826,19450572,20213498,20466372,20855565,21801720,22407494,22471842,22827961,24842304,25562991,25818853,25911082,26350813,28183448,28391908|16809564,20105190,20173020,20706769,21966368,22138144,23056509,24005838,24428680,25746915,25813686,28188738|11686358,11718687,11834946,15132977,15221799,15671915,16219805,16911630,16952981,18000176,18441389,19667111,20139232,20966915,21250778,21270117,21727988,22869067,22890011,27144937,27916988|21252251,22367584,23346951,23765387,24333832,24825087,24857385,24920281,27539099
Endometrial Neoplasms	3	0.0142857142857143	0.421393728222997	9.756e-01	3.83736	AR|PPP2R1A|MUC16	367|5518|94025	11074602,11571732,12115497,12161010,12767946,15721279,16161040,16187285,18212060,19190146,20053928,20381444,23962788,24512546,26397136,26556855,27384477|21381030,21882256,23267135,27348297,27485451|19337252,19589273,19937162,21344262,22727919,23669443,24083699,24403483,24659664,26531723,26918940,26925634,27163153,27173475,27221870,27268637,29463191
Carcinoma, Pancreatic Ductal	2	0.00952380952380952	0.345888745888746	9.810e-01	3.6174375	ELAVL1|MAPK1	1994|5594	24536047,24618665,26314962,26675757,27415424,28242812,28687616|15300592,18026817,22158075,23555182,28315433
Genomic Instability	2	0.00952380952380952	0.327218614718615	9.858e-01	3.42130588235294	FANCD2|POLK	2177|51426	18263878,19729998,20519958,20676667,22987153,24658369,25070891,26083937,26323318,26584049,26625197,26765540,27264184,27322732,27768874,27977684,29021208|15989980,22157819,23799366,24553286,28605669
Lupus Erythematosus, Systemic	3	0.0142857142857143	0.347628628916355	9.929e-01	3.25450555555556	C3|CR1|IRAK1	718|1378|3654	11813855,16893076,18174230,18383369,19387462,21706294,21813769,22264230,22851413,22878256,23031360,23981509,25597615,27900491|2959289,2989379,3156931,4019777,6115248,6230413,6978375,15163541,15176657,15529364,15864913,16133175,16289666,17467802,18182380,18709693,21659422,26273660,27981054|18050247,19329491,19838195,21160042,22011580,22904263,23428850,23435933
Leukemia, Myeloid, Acute	3	0.0142857142857143	0.334828349944629	9.946e-01	3.08849473684211	DAPK1|TRIB2|TET1	1612|28951|80312	14504087,20655775,21176336,21918973,22096027|17097562,20005259,20410507,23550039,24516045,26996668|12124344,19420352,23818607,26703470,26791235
Arthritis, Rheumatoid	5	0.0238095238095238	0.390179377984256	9.967e-01	2.940265	AIF1|IRAK1|IREB2|TAP2|FSTL1	199|3654|3658|6891|11167	18721278,18835879,22106834,24018427,25026748,26585362|20448286,20870441,21160042,22451023,23233309,24390342,28207326,28271077|11282995,15722257,17289546,17643931,17785286,18587224|8162639,11229461,12047361,14749980,18309376,19116923,24972609|9786430,15638044,19109154,21303509,27498552
Neuroblastoma	6	0.0285714285714286	0.414319972593354	9.970e-01	2.80109523809524	EGR1|ID2|NOS1|NTRK2|MAPK1|NBAS	1958|3398|4842|4915|5594|51594	16741963,17559061,18434015,18469860,21506108|11782392,12545167,12657241,12670915,15252039,16549780,16705184,19417068,19423615,24376712,25771836|7515942,8581564,10874031,14980078,15194886,15242984,19457105,19726747,26458913|12808116,15024057,15637590,16051641,17008023,18286198,18678285,19363525,19417027,20186105,21419569,21426646,21728718,23124249,24403123,25700942,26797418,27278006|11205744,11279118,12794004,14570886,15030407,15247297,16741963,18263590,20490331,21548882,21559503,22271254,25921289|9926938,12706883,17028906,23991058,25921289
Coronary Artery Disease	4	0.019047619047619	0.347978708099554	9.974e-01	2.67484545454545	APOB|CD36|CELSR2|KALRN	338|948|1952|8997	11748351,12044583,12492446,12752570,12760590,12818419,12964943,15135251,15543563,15630635,15699916,16316917,18193043,18254714,18258526,18701171,19551315,19948975,20686565,20691829,20864672,21059979,22507620,22786447,23171143,23701995,24097068,26537298,26582246,26916732,27112212,27236033,27487947,27637205,28473443|15282206,17619827,17924847,18067591,19948975,20485444,22113854,22993001,23856131,25916834,27460265,27596284,27995417|18193043,18649068,20686565,20691829,20738937,20864672,21239051,21378988,22003152,24097068,24674750,26464717|15272420,17357071,19706030,25316661,27218147
Mouth Neoplasms	2	0.00952380952380952	0.239461439461439	9.982e-01	2.5606	ELAVL1|MAPK1	1994|5594	20332213,20960565,21795698,23852810,24534848|15247230,16273204,18284542,19628422,21205837,23674093,24270523,25091805,25265753,25634589,27466485
Amyotrophic Lateral Sclerosis	3	0.0142857142857143	0.290372148859544	9.983e-01	2.45415416666667	ELAVL1|UNC13A|TMEM106B	1994|23025|54664	19805546,23969235,25239623,25592834,28300326|19734901,22118904,22921269,22959728,24256812,24931836,26162714,27584932|21104415,24442578,25085782,26186194,28477711
Uterine Cervical Neoplasms	3	0.0142857142857143	0.287952380952381	9.985e-01	2.35646	DAPK1|MAPK1|TAP2	1612|5594|6891	16142356,17868341,18425396,18799028,22116316,22490852,23494221,24314662,25268905,26267895,26823825|11409876,16574793,16897432,17504381,17961162,19723095,20351270,22406505,25120769,25647783,26247533,26310353,26992219,27259234,27453043,28328092,28393232|18248301,18650831,19188174,19202550,19263211,24288424
Atherosclerosis	2	0.00952380952380952	0.209801370457108	9.994e-01	2.26786923076923	APOB|CD36	338|948	16620782,16758614,16895799,17277381,17347910,17457002,18322245,18774540,19124125,19150065,19450572,19948975,20110441,20167655,20197510,21078674,21357823,21394531,21460103,21641598,22223728,22786447,22916037,22964994,22985435,23247145,24069429,24234650,24859635,24866382,25120028,26758372,27347637,28473443,28502501|16670819,16952981,17346709,17905828,18000176,18067591,18497330,19144874,19203752,19948975,20037584,20333725,20701912,20935172,20939828,21250778,22075538,22558273,22687273,23748423,25006585,26504087,26592663
Parkinson Disease	3	0.0142857142857143	0.253330540427315	9.996e-01	2.18431111111111	NOS1|SYNJ1|VPS35	4842|8867|55737	12490535,14752097,15699372,17174475,19326438,26081147,27749554|21563316,24262182,25302295,26149920,28231468,28331029|21763482,21763483,21832049,22154191,22410496,22673036,22801713,22991136,23125461,23261770,23408866,23411763,23536430,23726718,24115276,24152121,24262182,24740878,24819384,24854799,24980502,25416282,25533483,26251041,26300542,26547032,26618722,26947123,26965691,27262440,27385586,27460146,27777137,28040727,28222538,28383562
Ovarian Neoplasms	8	0.0380952380952381	0.384577470387153	9.998e-01	2.10672142857143	CASP2|DAPK1|ELAVL1|PPP2R1A|MAPK1|TOPBP1|BNC2|MUC16	835|1612|1994|5518|5594|11073|54796|94025	18413747,19738422,25151963,27193717,27567588|12792765,14767518,22465880,24337450,26075823,27452040|19281587,20587520,23394580,26640230,26692264,26943573,27075229|17374643,20826764,21381030,21435433,23267135,23588898|12121974,12972603,15243131,15655247,16395709,17341442,18365874,19697705,20072648,20174585,20628624,23338561,23820584,24342355,26117268,26548627,26617770,27780136,28933561|16930991,17616665,19584272,22708334,23819404,26811421|19648919,20852632,21642636,21750727,24853948,27899818|11369781,11786729,11920644,12218296,12734200,14676194,15483748,15788735,16174214,17067392,17300679,17301071,17413979,18042071,18317225,18503158,18820245,19060592,19064572,19075018,19337252,19937162,20009886,20089172,20099501,20497550,20628030,20680316,20803207,20861755,21046495,21326240,21331365,21344262,21421261,21515085,21614912,21625941,21836488,21852110,21893498,22994745,23095772,23322523,23343214,23426716,23564055,23669443,23765208,23915849,23925696,24012857,24083699,24447304,24551091,24651630,24690311,24716917,24740561,24771264,25174623,25190018,25197000,25205731,25326813,25416055,25454345,25667483,25799488,25951715,25965947,25978292,26045023,26122176,26143638,26285075,26458935,26499778,26918940,27003157,27116243,27221870,27268637,27292441,27407100,27612856,27629537,27855043,28284216,28549533,28551658,29187468
Carcinoma, Non-Small-Cell Lung	7	0.0333333333333333	0.360262138814418	9.998e-01	2.03407586206897	DAPK1|ELAVL1|NTRK2|MAPK1|MTA1|CHFR|MUC16	1612|1994|4915|5594|9112|55743|94025	15634757,17209433,18349282,19506903,19795445,20704749,21287504,26406950|17132932,19420963,21046284,21862584,25252849,26013954|20156366,21242122,22906736,24658140,24959744,25512530|14997206,17015027,17510316,19152186,20226009,21444628,21551235,21680106,21959954,22696230,23012423,23306155,23549785,23923067,24300974,25738359,26046675,26503828,26872057,27403934|11804687,20661085,20935042,21290196,21892752,22576802,23343746,23718732,25998575,27506865,28443468,29061215|12538348,14612512,20473935,22337872,23386692,25828518,26356822|14566828,17413979,17449138,22674301,23712355,24913812,26163610,26560853
Neovascularization, Pathologic	4	0.019047619047619	0.279226551226551	9.998e-01	1.96627333333333	ELAVL1|NTRK2|MAPK1|MTA1	1994|4915|5594|9112	16170373,17581403,20724828,21046284,23223443,23516604,25801788|15637590,16051641,17889702,19307055,22886570|16574793,17868650,18026817,18280482,19152186,19477952,20009539,21551235,21873429,21959954,22904195,23812726,25341684,26285778,27223086,28557972|16969516,20717904,21290196,22098246,22270988,23283219,23343746,23371285,24265228,25301048,25332143,28589145
Carcinoma	5	0.0238095238095238	0.282860885021985	9.999e-01	1.90303548387097	AR|EGR1|MUC2|MTA1|MUC16	367|1958|4583|9112|94025	8145761,10629558,11322786,14504193,15156193,15545219,18374401,18451096,19062046,19391487,19672785,19946220,20308360,20534771,20680031,21166701,21359179,21525791,21532617,21602788,21652770,21868758,21912077,21950206,22027692,22039288,22064655,22531679,22719059,22851332,23443946,23775437,24665929,25433476,26318424|15225550,16382041,20087343,20372793,20403028,21551235,23409769,25224321,25673149,28269757|11813869,12820725,15240568,16447040,17203232,23464473,23807779|21949998,22537306,22844865,23592142,23618874,23941622,25245523,25416046,28631568|17300679,20803207,20861755,21326240,21515085,22727919,27612856,27855043
Obesity	4	0.019047619047619	0.254262588037423	9.999e-01	1.843565625	APOB|CD36|NUCB2|NRXN3	338|948|4925|9369	11428473,11898622,12368141,12529498,15047470,15111985,17299378,18031309,18728123,18848826,18927546,19449275,19479237,19592048,19729411,19772655,20133978,20213498,20466372,20858904,20930716,22321874,22341868,22674204,24842304,25159728,25837208,25889118,26350813,26451733,27210509,27347637,28799493|15132977,16670153,16911630,16952981,17311893,17440173,18263877,18441389,19016618,19156623,19667111,19876004,19893500,20139232,20966904,21250778,22113854,22240721,24412488,24766787,25555908,25687220,25723554,25822988,26556365,27016784,27144937,28186980|20427481,21252251,21459029,23141462,23266808,23346951,23739643,23796625,23955480,23980879,24333832,25432328,25833360,26143537,26369257,28137218,28273586|19557197,20724581,20935630,21552555,21674055,22391885,23563607
Genetic Predisposition to Disease	50	0.238095238095238	0.402899651535443	1.000e+00	1.78787878787879	PARP4|AIF1|APOB|AR|C3|CASP10|CD36|COL5A1|COL7A1|COL11A2|CR1|DAPK1|DSCAM|CELSR2|FANCD2|GABBR1|IRAK1|IREB2|KCNMA1|IPO5|LIMK1|MUC2|MYH7|NOS1|NTRK2|NUCB2|PER1|SLIT3|TAP2|TRAF5|VIPR1|CUBN|KALRN|NRXN3|RGS14|TOPBP1|UNC13A|CUX2|PCLO|SUFU|TMEM106B|BNC2|VPS35|CDK5RAP2|GRAMD1B|ELAC2|PLXNA4|ARHGAP18|MPP7|MUC19	143|199|338|367|718|843|948|1289|1294|1302|1378|1612|1826|1952|2177|2550|3654|3658|3778|3843|3984|4583|4625|4842|4915|4925|5187|6586|6891|7188|7433|8029|8997|9369|10636|11073|23025|23316|27445|51684|54664|54796|55737|55755|57476|60528|91584|93663|143098|283463	17203305,18676680,19625176,19692168,23251661,26699384|12559634,17522098,18721278,18835879,19079260,19204726,19851445,20587610,20662065,20855536,21720444,22106834,22936669,23563607,25194280|11170229,11171287,12691171,12818419,14618390,15135251,15223114,15256516,15358600,15543563,15823278,16152798,17071710,17111197,17463246,17595251,17672218,17696941,17855807,18028451,18193581,18496130,18512131,18513389,18597093,18599996,18636124,18665040,18696186,18710658,18728123,18940289,19007590,19056482,19060911,19083997,19257963,19263529,19282863,19336370,19494537,19501493,19578130,19625176,19689828,19692168,19772655,19802338,19860767,19906129,19934556,19965785,20031551,20082485,20133978,20167577,20452482,20538126,20565774,20691427,20691829,20855565,20872969,20930716,20932654,20972250,21122859,21393584,21943158,22247256,22399527,22441101,22913027,22916037,23067240,23247145,23588940,24097068,24234650,24797048,25083581,25248404,25292352,25837208,26537298,26617857,26802983,26825690,26916057,27172140,27236033,27637205,27683205,28235710,28370191,28428224|11221880,11437399,11720249,11861380,11927493,11935317,12085360,12202660,12394768,12542725,12582022,12593895,12602902,12602915,12632109,12634316,12712467,12767946,12843184,12925954,14504193,14641003,14652007,14667136,15061984,15120698,15229204,15378650,15472213,15479493,15533905,15536520,15598771,15599941,15654614,15704521,15894683,15902657,15952987,15994977,16039774,16112495,16161040,16244490,16254899,16425097,16759930,16969583,17116317,17187234,17230529,17256155,17257635,17365134,17372242,17569297,17613104,17706202,17728127,17728669,17855696,17997416,18097504,18181049,18281036,18323476,18385763,18415690,18483761,18503826,18555222,18559568,18560135,18562955,18566991,18577874,18601603,18624843,18636124,18692840,18849991,18952763,18962445,19062009,19064572,19159685,19167832,19458022,19538365,19604497,19656574,19692168,19938041,20063560,20065623,20083725,20173765,20198568,20200439,20351714,20378615,20431938,20450840,20534771,20588308,20615892,20628746,20632874,20634197,20734064,20808127,20831839,20846920,20880698,20922474,21050150,21089003,21107681,21159020,21166701,21284948,21327417,21410621,21505847,21642359,21667251,21962961,22032556,22068615,22089459,22188741,22334387,22531679,22653589,22693459,22765868,22882535,23171135,23227263,23414681,23571770,23599814,23844628,24116069,24379448,24507681,24722188,24925673,25027083,25180665,25228652,25376484,25716092,25867301,26178169,26181238,26247526,26345963,26406407,26410037,26467701,26511871,26862755,26962784,27357524,28060723,28279145,28640128,29254307|11803045,15278436,16355111,17634448,17703412,18174230,18325906,18383369,18566738,18796626,18974840,19015224,19048105,19258923,19259132,19263529,19344414,19387462,19399715,19454698,19590060,19773279,19797206,19823576,19825847,20157618,20385819,20406964,20503287,20513133,20603037,20628624,20664795,20862287,21402993,21414106,21462136,21566112,21733505,22174912,22456601,22673887,22705344,23068452,23209669,23233260,23455636,23764154,24097068,24453474,24557084,24782052,25322978,25388911,25879158,26187133,26269006,26305563,26503818,26505407,26572892|16251207,17071630,17450141,17534194,17999750,18381704,18563783,18676680,19074885,19141860,19423537,19625176,19692168,19773279,20800603,20855536,20978178,21048031,23212337,23303631,23770605,23921907,28643196|15167446,15780035,15860439,16453284,17619827,18035074,18305138,19055786,19185504,19578796,19893500,20416077,20459687,20485444,20947105,20966904,20966915,21262584,21270117,22050542,22113854,22275803,22588808,22869067,22993001,23844572,24643644,25565374,25723554,27144937,27460265,27461004,27869039,28111291,28237985,28693442,28866086|16430677,16712791,18353721,18443036,18818748,19019335,19180518,19527514,19696512,20452482,22208904,22762739,23513063,23665963,24966028,25122555,28927971|17495952,18440202,18496702,19367581,19665875,19681861,20184583,21448560,25639640,28164502|16133074,16609882,17471097,18309376,18830248,19180518,19204726,19851445,20618517,20672350,21293383,22808956,23740775,24097066,25633957,27246988|12486610,12773320,15072851,15381817,15733500,16277654,17709521,17999656,18937792,18954261,19048480,19344414,19480840,19734903,19874218,19906204,20459687,20534741,20554627,20558149,20558387,20674675,20889874,21300948,21347408,21391232,21460840,21460841,21593778,21726919,21784344,22015308,22244847,22402018,22539578,22819390,22952074,22960360,23022416,23152904,23202439,23582656,23643458,24162737,24621201,24878768,24998857,25494101,25683978,25916414,26189835,26914463,28033544,28520715|16847012,18519826,18813964,20534741,20574532,20677014,21749573,22785394,24684796,24811488,25268905,27907054,28934284,28429084|18197079,18519826,19240061,21507922,22744455,23251661,23671607,24047446,24057671,25226531,25363760,25363768,25408124|18649068,19060911,19198609,19299407,20167577,20442857,20571754,20691829,20971364,21239051,21378988,21909109,21943158,24097068,24886709,29240829|16679306,17333336,18270339,18950845,19064571,19064572,19536649,19690177,19714462,20496165,23357080,25066130,27977684|12601092,15685626,15799783,15857448,15946333,17412563,17971048,18255321,18355961,18653317,19086053,19763258,19851445,20378664,20398908,20468064,21621395,22412388,26727527,27509181,27922604|16537705,18050247,18474871,18566305,19264973,19282863,19288030,19329491,19505919,19838195,20463618,20500689,20870441,20890200,21898345,21933552,22451023,22904263,23233309,23428850,23435933,23444193,23867959,24390342,24709033,25269878,25458699,26142671,28207326,28271077,28436939|11783942,19800047,20173748,20587604,20587610,21320324,22080838,22331484,22461431,22914670,23251661,24587150,25006744,25056061,25101718,25241909,26310313,26527870,26775557,28474623|16385451,18854754,20424473,20677014,21708048,22504420,25108383|11991713,16644122,17458142,20542336,24556642,26488411|16611674,17287949,18566305,19056482,20694560|17703412,18000536,19258923,19359471,20503287,21596555,22402132,22417007,23583980,27490946|11133230,12590187,12707239,12951062,15358028,15556047,16199542,17118657,17165166,18403758,18555187,18953637,19035361,19138847,19149795,19474452,19645038,20201937,20733148,22784669,22859017,23707328,24105371,24828896,24963656,25825456,28193612|11525805,11668616,12490535,12572877,12908999,15075442,15088155,15119548,15167446,15856945,16191396,17328085,17418914,17703412,18042235,18058820,18086269,18563708,18591664,18821565,19086053,19087148,19258923,19326438,19328558,19415232,19423521,19505917,19513863,20028935,20385275,20406964,20470850,20503287,20581851,20605417,20609134,20888049,20921115,21041608,21052031,21098972,21679499,21922604,22875507,23826716,24220657,24668187,24917196,25300364,25490993,25855559,26081147,26283425,27749554,28195573|15838534,16713586,17200667,17570738,17720314,17884018,18534558,19086053,19488044,19548263,19641488,19844206,19874574,20219210,20468064,21126736,21711518,21750702,23137999,23192594,23277131,23831349,24069289,25450229,25633318,25751398,26410934,26462037,26641254,28215305,28719467|20881960,21459029,23141462,23266808,23955480,26369257|16528748,17106427,17984998,18095154,18228528,18821565,19693801,19839995,19934327,20072116,20978934,24722188,26507264|15231749,18628988,19240061,20163849,20298552,20881960|9324024,12018331,12047361,12485523,12634240,12648225,12648282,12717621,14749980,15887980,16112028,16215317,16595160,16634865,16690408,16721835,16886895,17525827,17581627,17703412,17982230,18071882,18248301,18309376,18433405,18650831,18976687,19116923,19258923,19263211,19387463,19404951,19480848,19851445,20193774,20503287,20587610,21399633,21440064,21796142,21843574,22911334,23349640,24288424,24972609,25846714,25874709,26996113,27325005,27447835|17277003,18990758,19773279,20568250,21048031,24020968,24416204|18383379,18668120,19086053,20424473,20922191,26712708|10552972,16385451,20615890,20852008,20855565,21116278,21355061,23114252,23824729,24097068,24563210,26631737|17357071,20080650,21041834,21664346,27218147,28706949|18519826,19086053,19557197,20398908,20724581,20935630,21688152,22391885,22716474,22959728,23118423,23563607,24265751,24444492,24469609,25450229|20627871,21833088,22396660,22703881,22797727,23128233|16930991,17448016,17616665,19690177,20056645,21108795,22708334,23277395,23819404,24346708,26503213|22118904,22921269,22959728,23251661,26162714|11353453,15389760,19328558,19401682,22293688,23364394|18647954,19065144,20567237,20677014,21185011,22832909,23620758,25817861,26391493|12068298,16385451,19833601,23535732,24070372|17207965,20154673,21104415,21220649,21354975,22889924,23006423,24166182,24385136,24442578,24731779,25096617,25114081,25470345,27543298,28477711,28888721|18519826,19648919,20852632,20881960,23934736,25705849,26211971,28342042|21822266,22154191,22336192,22410496,22673115,22801713,22991136,23125461,23536430,24262182,25475142,26547032|20080800,21297427,24782177,28004182,28004384|18758461,20332261,20731705,23770605,24292274,25056061|10986046,11175785,11254448,11254449,11431329,11507049,12373607,12522685,12552947,12569551,12783937,12949798,14625808,15368467,15714208,15824169,16636667,18375959,18767027,20086112,20119870,20231859,20565774|17207965,19401682,23509962,24684796,24939585,25043464,27378688|16712791,18987618,19065146,22808956,24144296,24684796|16385451,21116278,22005930,22504420,23251661,24249740,27001270|18587394,19068216,21072187,21102463,23128233,23619718,26845862
Neoplasm Invasiveness	13	0.0619047619047619	0.339381772654665	1.000e+00	1.73529411764706	AR|COL7A1|EGR1|ELAVL1|ID2|LIMK1|MUC2|NTRK2|MAPK1|RALB|MTA1|TET1|MUC16	367|1294|1958|1994|3398|3984|4583|4915|5594|5899|9112|80312|94025	12534934,15288768,15302512,15305378,16791593,17476687,17634427,17914092,18174258,18187183,18266956,18451096,20200161,20615892,20632874,21047772,21400613,21519872,21680704,22819717,23417242,23426182,23609189,23620780,23715826,24648349,24662746,24897063,25145503,25228652,25301736,25307492,25724186,25730905,26175416,26297988,26304926,26311513,26342197,26560244,26885620,27255895,27409172,27462022,27534968,27693493,28011482,28089832,28373004,28935391|10232408,15774758,18331784,19422682,19435799|16382041,19152168,19837667,20945384,21354147,22095683,22912725,22918686,23696025,24011795,24297681,24704156,26519755,28269757|20332213,21503589,23401122,24036660,26314962,26498465,27140699,27215092,27542231,27941336,28035067|15041724,18281534,19257909,19368689,27364596,27378242,27807072|12777619,12821664,20133759,21219645,23239465,24063279,24390089,24858712,25661344,27665963,28440035|12527922,17991319,21441843,21605079,24280573,27835575|16051641,19087522,19307055,20101235,20132184,20156366,20694504,20811716,21999199,22343487,22361863,22886570,24321270,24853179,26820170,27385098,27662840,28604655|16209712,16424009,16820947,17410437,17825787,17961162,18284542,18426913,18456660,19020743,19082453,19116345,19199380,19502590,19632304,19782465,19930715,19941816,20102637,20226009,20811717,21205837,21354279,21574189,21765462,22076613,22328529,22543708,22670315,22751131,23222305,23250869,23306155,23424616,23644655,23674093,23983265,24119769,24370825,24587385,24657659,24691442,24735981,24789460,24951586,25085753,25561793,25655003,25738359,25845399,25855378,26117268,26261493,26617770,26781754,27085460,27223086,27395339,27665471,27876502,28315433,28376477,28569417,28933561,29196260,29550487|17174914,20801877,22331470,25573158,27991934|10840944,11804687,11948399,12650603,12684630,14735193,16244788,16831056,18196870,18640824,19377441,20935042,21336715,21595884,21813470,21892752,22139444,22176993,22270988,22575258,22576802,23227138,23343746,23618874,23718732,24214543,24424621,25301048,25315817,25359583,25502548,25688501,25977170,25998575,26168722,26543080,26689197,26698569,27048111,27323185,27574100,28231399,28631568|22999938,24507562,25175940,25735355,26931431,28513825|21836488,21852110,22320398,23915849,24403483,24680660,24722639,25205731,25965947,25978292,26046375,26176088,26925634,27167110,27221870
HIV Infections	7	0.0333333333333333	0.314211483502208	1.000e+00	1.68571428571429	CD4|CDK9|IPO5|PRKACB|MAPK1|PDIA6|KPNA6	920|1025|3843|5567|5594|10130|23633	1381399,1491632,1605591,1685857,1690236,1697332,1698911,1701782,1706342,1871120,1888898,1967280,1971526,1977427,1983967,2078408,2107024,2341717,7521897,7543271,7615007,7692037,7692087,7734186,7914230,8125527,8437224,8524869,8547064,8621941,8627018,8671590,8760413,8794361,8794362,8801439,8811050,8862276,8871625,8995609,9226175,9349472,9426451,9445013,9637477,9653051,9780207,10235509,10375525,10375528,10738970,10774549,10875613,10888615,11075952,11201791,11312658,11356967,11396948,11413305,11413337,11414813,11504923,11533181,11602785,11799176,11861874,11878912,11884536,11920312,12091904,12134256,12145207,12218051,12406507,12531788,12586555,12639247,12646791,12646921,12702212,12719560,12734410,12769725,12816953,12836198,14557624,14557639,14576059,14585209,14624372,14965316,14990703,15016849,15078178,15090827,15194762,15194768,15215692,15258189,15279586,15279589,15321703,15371410,15577644,15748900,15778371,15784911,15821887,15854903,15857992,15956589,15964018,15990565,16002156,16035946,16046522,16091223,16106369,16148047,16174727,16185162,16227248,16309726,16310238,16354571,16437164,16454711,16515489,16551265,16611055,16611063,16702010,16725045,16736946,16775320,16777164,16855325,16873261,16886053,16912071,16956948,17005819,17014923,17030448,17079307,17084877,17090209,17121788,17132727,17151103,17157668,17158233,17213291,17239419,17328229,17329339,17409160,17409164,17413690,17599917,17628860,17632570,17825297,18045112,18078954,18167642,18187620,18205925,18296630,18310503,18390744,18468560,18473783,18541215,18624812,18672082,18691022,18691028,18713475,18725938,18789977,18833294,18837996,18976462,18976975,19066282,19180463,19208751,19301975,19324886,19333378,19366992,19439470,19457995,19493998,19553323,19643141,19692474,19837465,19851458,19895210,19933330,20007245,20041213,20132229,20186035,20195464,20357769,20369301,20377425,20380698,20420669,20442859,20458450,20463063,20507591,20616233,20638642,20697919,20826747,20860805,20924289,20953943,21041720,21068257,21146497,21159865,21165790,21176220,21209878,21226626,2124923|9356449,10377393,10661406,14984439,15169877,15183343,15473004,15498776,18976462,19275730,19526283,19732026,20018238,20551309,20828615,21149631,22100159,22190034,22211660,22229121,22342181,22355797,22421880,22422068,23007159,23247501,23330719,23518577,23539624,23658523,23827503,24204263,27193293,27783955,27799305|1631159,9275210,10525473,11278458,11389849|19895210,20402410,21651489,21745501,24189052|9223324,10074203,10982368,11504923,12734410,15371627,15857981,17411366,18160848,19287189,19622906,20056088,20056178,20402410,20566577,20842205,21567396,21651489,21745501,21821233,22028271,22039051,22123847,22407921,22479424,22904195,23317503,23535064,24469921,24586397,25011556,25121610,25704763,26992429|12218051,18187620,20458450,22190034,22230366|1631159,9275210,9303297,10525473,10964507,11278458,11389849,22174317
Lymphatic Metastasis	5	0.0238095238095238	0.270124184758331	1.000e+00	1.63888888888889	DAPK1|MUC2|NTRK2|MTA1|CHFR	1612|4583|4915|9112|55743	12082610,18799028,20471512,21302620,22490855,25496179,26213212|16475027,17991319,19119477,20485009,22752373,23179399,23464473|17674765,19170129,20156366,21999199,22322843,22490895,22886570,24321270|11804687,12684630,15095300,16646402,20661085,21240515,21290196,21448429,21949998,22547301,22575258,22844865,23283219,23618874,23866297,25301048,25688501,26543080,26698569,27035126,28739699|12376479,20109344,21302620,23415374,24748501
Colonic Neoplasms	5	0.0238095238095238	0.267365256223195	1.000e+00	1.59459459459459	DAPK1|ELAVL1|MUC2|MAPK1|CHFR	1612|1994|4583|5594|55743	12792765,20630662,23438478,25619834,25852190,25963636,26405175|14562043,17132932,18094611,18427544,21310943,22095636,22544606,24865968,25010987,28242812|1550588,9722984,12077118,12848848,14678781,15240568,16285957,16552339,17509526,17991319,19119477,19201396,20198339,22116730,22752373,23464457,24840470|10197981,10910078,10993892,12177807,12972603,15037631,15078890,15655348,15757891,16027724,16278684,16611738,17631144,18086662,18256791,19782465,19930715,20190562,21088106,21424124,21625939,22076613,22865467,23357054,24691442,24752576,25253956,25852190,27391062|14654793,15201973,15760919,18335050,21551253
Neoplasm Metastasis	7	0.0333333333333333	0.262456597222222	1.000e+00	1.55263157894737	AR|LIMK1|NTRK2|MAPK1|MTA1|TET1|MUC16	367|3984|4915|5594|9112|80312|94025	7723794,10706109,11803263,17034507,17178887,17321486,17476687,17540719,18174258,18324648,18794357,18958349,19257827,20644256,21359179,22819717,23010705,23326489,23410945,23443946,23536722,23539448,23609189,23704919,23982944,24244276,25135278,25712683,25822367,26305549,26342197,26364608,26928463,27191887,27233475,27249694,27363033,27384477,27409172,27683182,27693493,27702818,27977328,28060723,28178391,28220803,28957377|12821664,16381000,20047470,20133759,23239465,24063279,25190487,25661344,27665963|15329723,17008023,17616679,18201274,19087522,20156366,21379385,22343487,23332094,24549576,24853179,24959744,24982195,26515594,26657794|16813525,17550972,19152186,19930715,20072648,20226009,21349701,21454057,21765462,22526456,22927430,24119769,25189770,25855378,25959126,26117268,27395339,27403934,27876502|7607577,8083195,10967548,11948399,12650603,14735193,16502042,16969516,17868030,19703393,20717904,21617866,22139444,22176993,24424621,24853685,25315816,25332145,25352341,25359583,25998575,26028330,26503703,26968810,27048111,27323185,27583980,28288133|23716660,24507562,25089631,26376879,26931431,27121319,28661477|14676194,17852076,21421261,21893498,22066010,22159147,24722639,25205731,25691062
Stomach Neoplasms	6	0.0285714285714286	0.262172122263169	1.000e+00	1.51282051282051	DAPK1|EGR1|MUC2|MAPK1|CHFR|TET1	1612|1958|4583|5594|55743|80312	15809761,19695681,21152877,21302620,21979297,22160140,26810771|12456801,12553019,20372793,20403028,22095683,22918686,23121767,23755764,24011795,24384380,27677186|12490305,16447040,16552339,16733847,18000536,18300795,18825309,19815850,20718712,20878553,22402132,22691042,23464473,24901817,27277677,27835575|11278335,12883725,15882975,17889508,18570890,18715846,19020743,19032445,19858308,20087064,22672288,23644655,24789460,24929539,25150310,25374165,25398317,25652124,25655003,25962735,26612919,26695150,26781754,28061458,29550487|14695171,15201973,18763281,19469003,20082478,20109344,20300977,21302620,21409489,22337872,24748501|22320381,24507562,24804542,27121319,28923852
Colorectal Neoplasms	7	0.0333333333333333	0.25924973204716	1.000e+00	1.475	ELAVL1|MUC2|NTRK2|MAPK1|MAPRE1|CHFR|TET1	1994|4583|4915|5594|22919|55743|80312	10629032,12821781,14981256,19009247,22049153,24189637,26386386,28219770,28428272,28968471|11813869,12820725,15000151,16142311,17321686,20198318,20485009,20731025,20865330,20929551,21605079,21618511,23179399,23807779,27298226|21379385,21966426,22361863,22842573,23332094,24549576,24801982,25382057|17149612,17410437,18069631,19686845,20811717,21826244,22864777,23183114,23644655,23867993,24378749,24735981,25128071,25561793,26267535,26514924,26879318,27036313,27369075,28247965,28376477|7606712,22277732,22735596,24492008,26342024|12538348,17201143,18079053,23873170,24928946|22320381,26063725,27846738,27977763,28249902
Cell Transformation, Neoplastic	7	0.0333333333333333	0.243732365981459	1.000e+00	1.4390243902439	ATF2|DAPK1|ELAVL1|PPP2R1A|MAPK1|RALB|MTA1	1386|1612|1994|5518|5594|5899|9112	12118074,17254968,17258390,17875713,18348191,20956942,25456131|12082610,14504087,17683884,20630662,21497122,23438478,24337450,26191186|14562043,17132932,18427544,20102719,21343335,22095636,24534848,27075229,28790173|17245430,17540176,17632056,21075311,21159657,22948661,25438055|7499408,10197981,10490027,12050114,12441075,12792650,12972619,15757891,16286470,17631144,18069631,18086662,18204439,19364816,19802003,19917255,20019835,20167130,20974803,21336309,21415216,21807114,22345558,25120769,28007785|12856001,12874025,17018283,17174914,23830877,25210032,27269287|11146623,16172399,17922032,20651739,23417673,25332143
Carcinoma, Squamous Cell	6	0.0285714285714286	0.223363191430418	1.000e+00	1.4047619047619	COL7A1|DAPK1|ELAVL1|MAPK1|MTA1|CHFR	1294|1612|1994|5594|9112|55743	10232408,15774758,17495952,18331784,19435799,24357722,26476432|12082610,16142356,17592394,17868341,18799028,19148529,20360646,20704749,21115918,21516484,22490852,22490855,23494221,23804521,25496179,26213212,27286455,28249042|17581403,18027256,19420963,19671677,20960565,21572400,21795698,23852810,23873103,27941336,28371600|14997206,15247230,16273204,16283431,16865246,17634019,17879163,18284542,19484147,19628422,19751964,20103886,20811691,21205837,21606674,21680106,21896986,21960346,22658382,22828925,23674093,23709326,24789704,24966948,25120769,25265753,25884419,26176534,26992219,27004400,27028853,27466485|11948399,15095300,16646402,18640824,21240515,21290196,22270988,22547301,24424621,24853685,25301048,27035126,28739699|12376479,17786301,18623126,19584075,19787237,20942233
Inflammation	5	0.0238095238095238	0.192868306063216	1.000e+00	1.37209302325581	C3|CD36|IRAK1|MAPK1|FSTL1	718|948|3654|5594|11167	16809564,17051160,17322907,17498719,18039528,18682851,18755462,18974840,19028820,20105310,20603037,21270401,21435440,21801245,23056509,23580065,23619360,23661701,24005838,24516199,25188723,25299043,25848071,25907631,28278205,28573137,28576324|8467233,19864601,20037584,20684828,21250778,21454644,22558273,22890011,23119050,25713983,27461004,28619997|14752294,16024789,16203735,16951688,17548806,17997719,19026643,19104650,19181383,20542134,20619458,20937840,22904187,23396947,25922567,26673132,27338330,27497395|12690113,14766231,16200835,16539678,17512500,17519976,17602748,18182379,18276593,18424783,18535203,19091959,19850087,20538278,20849923,21388279,21715333,21768115,21899882,22407921,22866973,23207287,23538858,24382347,24874739,25016365,25913664,26415877,26707272,27173611,28178421,28364380,28373581|23251661,24347831,24838142,25584011,27145224,27569284
Adenocarcinoma	6	0.0285714285714286	0.190486690817452	1.000e+00	1.34090909090909	CASP10|DAPK1|ELAVL1|MUC2|MAPK1|MTA1	843|1612|1994|4583|5594|9112	18716417,20025484,20402676,20453000,20661084,23921907|18799028,19521987,19695681,20360646,20630662,20704749,20811724,22136354,22552543,25852190|12933794,19009247,19420963,20587520,21572400,23394580,23572284,23722602,25010987,25252849,26314962,26362587,27215092,27588488,28242812|1550588,12527922,15000151,16142311,16188033,17401217,17991319,18038313,18301248,18825309,20485009,20718712,20865330,21647207,21700631,22261707,22691042,23179399,24290360|12093745,12643788,12894225,14997206,16027724,16395709,16574793,16820947,17504381,17889508,18069631,18570890,18715846,19433314,19445727,19956840,20086178,21143918,21164364,21680106,22546605,22658382,22672288,22696230,23357054,23569008,23674093,24789460,25253956,25852190,25896662,26514924,26705127,26872057,28624624|7607577,8083195,14735193,18719363,20661085,21290196,21835429,22575258,23371285,23866297,24853685,25688501,27574100
Prostatic Neoplasms	6	0.0285714285714286	0.183020581113801	1.000e+00	1.31111111111111	AR|EGR1|LIMK1|MAPK1|MTA1|ELAC2	367|1958|3984|5594|9112|60528	1540595,1562539,1631125,2260966,2380187,7511268,7591265,7626493,7712463,7723794,8145761,8187068,8274409,8292051,8530589,8628719,8643607,8827083,9000575,9016528,9096391,9184448,9211894,9438000,9636157,9675141,9813067,9816170,9822653,9892017,10075738,10318905,10363963,10569618,10598582,10629558,10706109,10734072,10809237,10835690,10840043,10930412,10961928,10987273,11016951,11032808,11071847,11085509,11103816,11155740,11156376,11266437,11278309,11322786,11404460,11439351,11509567,11550169,11571725,11585838,11595700,11673464,11707452,11720249,11747336,11751884,11792709,11803263,11847524,11856748,11906285,11927493,11935317,11967956,11971763,11994312,12015328,12083956,12101115,12119296,12140757,12161010,12163482,12165860,12189490,12202660,12218053,12226080,12230620,12376473,12376504,12394768,12465595,12482965,12514133,12534934,12559985,12569365,12573820,12586762,12602915,12606125,12629350,12632109,12651911,12682292,12750453,12799378,12860943,12890669,12941811,12941817,12944908,12949936,12972618,14517289,14585317,14612401,14662770,14663470,14691592,14695896,14713779,14743468,14744796,14966121,14966297,14981536,14985354,15013685,15042597,15061984,15062556,15123687,15129430,15131260,15156193,15178691,15205473,15256534,15264247,15288768,15305378,15310009,15328534,15350307,15361837,15368471,15378650,15389799,15466214,15479493,15514032,15533905,15534116,15539430,15542435,15557561,15558026,15563469,15570555,15572661,15583694,15585562,15599941,15617028,15630701,15640154,15661808,15665279,15711606,15731171,15743818,15754350,15774258,15784617,15790678,15809670,15810021,15824176,15827323,15833816,15887248,15894683,15900601,15919721,15948728,15952987,16027218,16039774,16079795,16120611,16123086,16161052,16166078,16166332,16254899,16278385,16282370,16365032,16373395,16384856,16425097,16437189,16449965,16461912,16469706,16474850,16479009,16494870,16601069,16705072,16774685,16835890,16847812,16859836,16865726,16914734,16921507,16923962,16951154,16969502,16969583,16980632,17003774,17010601,17011549,17015840,17034507,17043241,17055455|12065847,12890669,14985468,15225550,15486985,15709168,16382041,17448597,19032775,19276347,19837667,19885607,20190820,20945384,21336263,21617851,21743958,22115966,22127986,23178451,23715767,24190424,25031707,25224321|12777619,12821664,18424072,21219645,25344584,25359780|10318905,12643788,12894225,12972603,17068343,17295209,17469127,17531530,17695723,18311544,18787043,19147767,19151763,19926313,20190820,20203690,20335309,21076047,21871886,22791812,23424616,23538858,23620784,24619413,25845399,26346167,27665471,28279977,28876465|14871807,20717904,21837953,23227138,23831020,23900262,25332143,25797255,26943043,28231399|10986046,11175785,11254448,11254449,11431329,11507049,11522646,12373607,12384782,12522685,12552947,12569551,12711671,12783937,12949798,14504198,14625808,14719475,15368467,15593091,15714208,15824169,16114055,16636667,18375959,18767027,20086112,20119870,20231859,27318894
Liver Neoplasms	6	0.0285714285714286	0.180440134278254	1.000e+00	1.28260869565217	ELAVL1|PER1|MAPK1|SND1|TRIB2|TET1	1994|5187|5594|27044|28951|80312	20000738,20102719,22095636,22921787,23814050,24719890,25449213,25678597,25841271,28035067|18444243,19675098,21380491,25344870,27492458|12592382,15040022,15225643,16039586,17038630,17701086,18003605,18519678,19082453,20386571,21205481,21349701,22222560,22241220,22475145,22543708,23397142,23845703,24199952,24204846,24735981,25230705,25874498,26299326,26336134,26767647,28077802,28557972|22396537,23878061,25494629,26323317,26997225,27238764,28428278|23769673,24089522,24211582,25311538,27515988|23671639,25367851,25824049,26376879,28661477
Lung Neoplasms	7	0.0333333333333333	0.173539962691921	1.000e+00	1.25531914893617	CASP10|DAPK1|IREB2|NTRK2|MAPK1|MTA1|CHFR	843|1612|3658|4915|5594|9112|55743	12037669,14688482,18676680,19170196,19826114,20025484,20661084,22843554|11809677,12792765,15634757,17209433,17477876,18349282,19506903,19521987,19795445,20360646,20704749,21287504,23175185,25848215,28231808|18582596,20405006,20587604,22093897,25117307,26310313,28404645|16862449,18293376,20156366,21242122,21379385,22906736,23656788,24658140,24959744,24982195,25512530,28604655,28870922|14997206,15210690,16581800,16820947,17015027,17510316,18424438,19082454,19152186,19199380,19956840,20038816,20226009,21164364,21415216,21444628,21551235,21680106,21713404,21765462,21959954,21960346,22546605,22564243,22696230,23012423,23306155,23549785,23674093,23806693,23923067,24300974,24657659,24778252,24789704,25374165,25631750,25738359,25896662,26046675,26705127,26872057,27085460,27403934,28007785,28100259,28396364|11804687,17914590,19403384,20661085,20935042,21892752,22576802,23718732,24853685,25502548,25998575,26689197,26698569,26797758,27506865,29061215|11948416,12538348,14612512,18623126,20473935,22337872,23386692,23415374,25828518,26356822
Pancreatic Neoplasms	3	0.0142857142857143	0.166446462978255	1.000e+00	1.22916666666667	ELAVL1|MUC2|MUC16	1994|4583|94025	21152064,24536047,24618665,26314962,26362587,26675757,27415424,28242812,28687616,28965949|11893907,12527922,15048136,16552339,16721789,21441843,21647207,24280573,24714692|21775916,22066010,22159147,22220206,22320398,22542127,23544943,24204560,25458668,25691062,26046375,26329844,27230679,28108627
Carcinoma, Hepatocellular	5	0.0238095238095238	0.160867251928704	1.000e+00	1.20408163265306	APOB|EGR1|MAPK1|ZNF148|SND1	338|1958|5594|7707|27044	9548923,11333259,12670940,15254032,15308631,15618547,15867268,16156669,16203724,17233885,18925970,21800051,25502789,26680362|11925592,12947119,15910736,18215136,19526316,21743491,22912725,25108236,26936374|11409918,12592382,15040022,15225643,16039586,17526808,17701086,18003605,18519678,19082453,19632304,19816934,19816936,20386571,21205481,21349701,22222560,22241220,22475145,22543708,23397142,23845703,24199952,24204846,25230705,25874498,26299326,26336134,26767647,28077802,28557972|12759240,19362768,22214764,22372401,23954442|22396537,23878061,25494629,26323317,26997225,27238764,28428278
Skin Neoplasms	2	0.00952380952380952	0.158433221982053	1.000e+00	1.18	COL7A1|ATF2	1294|1386	15774758,17495952,19435799,24357722,26476432|17254968,18677098,18700251,22685333,27210757
Neoplasm Recurrence, Local	2	0.00952380952380952	0.156071751193702	1.000e+00	1.15686274509804	MTA1|MUC16	9112|94025	12684630,14871807,16244788,18306220,22844865,23866297,23900262,25797255,26543080,27574100|17300679,18503158,18555706,18820245,21344262,21836488,22528792,22941175,23669443,23886210,24651630,25344872,25978292,26531723,27407100,28284216,29187468,29463191
Alzheimer Disease	3	0.0142857142857143	0.155649935649936	1.000e+00	1.13461538461538	CR1|DAPK1|TMEM106B	1378|1612|54664	19734903,20534741,20554627,20558149,20558387,20674675,20697030,21300948,21347408,21358043,21391232,21403675,21460840,21460841,21726919,21784344,22015308,22244847,22262751,22343410,22402018,22539578,22819390,22952074,22960360,23022416,23202439,23582656,23643458,23650005,24162737,24530172,24878768,24996192,24998857,26189835,26742530,26914463,28477215|16847012,18336955,18813964,18830724,19627511,20413850,20534741,20574532,21167819,21311567,22785394,24853415,27094130,28429084|21220649,24166182,24252750,24899141,25114081,25470345,28441426
Esophageal Neoplasms	2	0.00952380952380952	0.154813108038915	1.000e+00	1.11320754716981	EGR1|MTA1	1958|9112	11819815,11925592,12439908,14966901,19435811|15095300,21661415,22270988,22547301,24424621,27035126,28739699
Breast Neoplasms	9	0.0428571428571429	0.1520429116205	1.000e+00	1.09259259259259	AR|CBFA2T3|ATF2|ELAVL1|FANCD2|LIMK1|MAPK1|MTA1|TOPBP1	367|863|1386|1994|2177|3984|5594|9112|11073	1303262,2380187,8281139,11085509,11437399,11861380,12036913,12089361,12124798,12161010,12161011,12404104,12582022,12602902,12712467,12771131,12779088,14504193,14973115,15545219,15598771,15772083,16046054,16166078,16317584,16365023,16647340,16791593,16920725,16987421,17187234,17334586,17413000,17465263,17728127,17855696,17904846,18187183,18521741,18562955,19022849,19094228,19147544,19533338,19739075,19898421,19921427,20127405,20353269,20431938,20439495,20507730,20534771,20634197,20831839,20846920,21107681,21159020,21166701,21211271,21215164,21264529,21310761,21519872,21528410,21532617,21552212,21701558,21741601,21837479,22021428,22039288,22321971,22471922,22494987,22508765,22590818,22719059,22745190,22982153,23010705,23023562,23377847,23392859,24172884,24324816,24356815,24403250,24552459,24570075,24596370,24703723,24897063,24951107,25178514,25178713,25347744,25471060,25781993,25904752,25907805,25979597,26076967,26219822,26247526,26339363,26345963,26406407,26541420,26554309,26902145,27026268,27514395,27565181,27959398,27992601,28060723,28151718,28272969,28957377,29187427,29187464|12183414,12213200,16966434,18456661,27572702|10066798,11836564,12663670,16303757,17258390,18677098,19331149,20511396,25141981,26729199,28618963,28904175|12431987,15328200,15514971,16289864,16912169,18408768,18641687,18769129,19010922,19151756,19728080,19875930,20370918,20626035,20724828,21273615,21503589,22436134,22907529,23401122,23605320,24036660,24189637,24260469,24954509,25383675,25830480,27197265,27221739,28501005,28637868,28731284|16679306,17333336,17643815,18950845,19536649,19671671,19714462,19748364,20363922,20496165,20556575,22293751,22987153,23063585,23357080,23897704,24104479,25652403,27373334|12777619,16278681,16381000,16763828,20133759,20347121,21682918,23239465|10066798,10866661,11960991,12093745,12105188,12408764,12576423,12972603,14620918,15735702,15782123,15928662,16039586,16291755,16705745,16813525,16897432,17550972,18204439,18245228,18266953,18296648,18710790,19184415,19385051,19833733,20093341,20174585,20359813,20508983,20735841,20837468,20889557,20956553,21266192,21607585,21655091,22117074,22293503,22328529,22584435,22927430,23250869,23265704,23618859,23674093,24166600,24342355,24657659,24927687,25085753,25122124,25167778,25189770,25319474,25605020,25866182,25903973,25953087,26253279,26774343,27076520,27358402,27791265,27876502,27941878,28007894,28230290|7607577,10967548,11146623,12167865,12639951,12650603,15077195,16244788,16288053,16502042,16617102,16855396,17922035,18196870,19703393,20682799,20697987,20710043,21595884,22270359,22575258,22864797,24265228,24413532,26028330,27026268,27583980,28504714|12810625,16930991,17448016,17616665,19289498,21108795,22544570,22708334,23277395,23819404
Cardiovascular Diseases	2	0.00952380952380952	0.151354733746324	1.000e+00	1.07272727272727	APOB|CELSR2	338|1952	11341749,11359462,11568510,11575217,12082592,12691171,12942366,14746139,15186963,16389549,16544732,16545386,17484618,18262040,18354102,18387362,18658047,18701171,18728123,19200547,19689828,19766218,19860767,19913121,20368199,20370913,20383777,20539018,20972250,21122858,21356116,21404224,21943158,22760866,23247145,23320904,23446247,23973688,24069429,24254975,24362231,24680324,24854276,25159728,25238218,25539881,25614280,25911082,25913481,25959453,26842615,28799493|18179892,18262040,19913121,20370913,20442857,21943158
Diabetes Mellitus, Type 2	3	0.0142857142857143	0.130887445887446	1.000e+00	1.05357142857143	APOB|CD36|NUCB2	338|948|4925	11869298,14763605,15186963,15904989,16419488,16525840,16634094,17299378,17337758,17462654,17463246,18632179,18684539,19479237,20059992,20466372,20536507,20628086,21356116,21497351,22341868,22407494,22762727,22985435,23053881,23446247,24254975,24797048,25562991,25818853,26025476,26291068,26515419,26561616,27210509,28391908,28428224|12479587,12618277,12716760,12732844,15132977,15221799,16911630,16952981,19156623,19190027,20139232,20416077,20628086,20966915,21250778,21262584,21808142,22113854,22869067,23844572,24069322,25555908,25565374,25619588,27912197|20032201,20628086,22020667,22108805,23765387,23768444,25841171,27539099
Melanoma	2	0.00952380952380952	0.118255597927056	1.000e+00	1.03508771929825	ATF2|MAPK1	1386|5594	14678960,18677098,21203491,22275354,22304920,23589174,26462148,26645581,27210757|12140374,12821662,12917419,15210734,15721302,16242072,18070930,18508762,18509361,19588500,19917255,21084381,21454057,22277029,22751131,23222305,23317503,24183461,24813998,25341684,25374165
Disease Progression	3	0.0142857142857143	0.0738024043449075	1.000e+00	1.01724137931034	AR|C3|CD4	367|718|920	9822653,11747336,12542725,12606125,14517289,15129430,15264247,15376484,15630701,16039774,16161052,16278385,16384856,16791593,17034507,17108144,17494760,17727679,17997416,18084330,18187183,18196538,18413735,18451096,18471792,18673534,18977589,19244107,19282387,20308360,20338164,20388792,20478527,20831839,21099110,21248069,21410629,21681193,22007000,22064655,22095517,22282656,22426480,22821817,22885105,22982153,23088973,23320115,23410127,23443946,23600948,23604126,23658830,23704919,23786771,23814488,24054868,24329492,24507681,24574517,24647988,24742458,24972028,25088980,25109335,25215939,25228652,25631336,25759396,25796113,26249023,26304926,26305679,26378044,26397136,26404510,26552477,26560244,26709083,26805759,26808578,26829214,26885620,27109471,27120785,27226492,27276681,27340775,27350136,27363033,27403927,27409172,27534968,27565181,27602760,27683182,27725309,27743893,27784708,27902483,27977328,28011482,28055971,28151478,28444169,28472366,28475016,28598253,28819028|19015224,19797206,19823576,20139773,20381870,21566112,22246034,22456601,22792353,22930722,23134230,24178974,24557084,25889427,26542163,26914454,26986539,27257040|11075952,11413305,12134256,14557639,15063762,15078178,17042973,17252589,19596013,19798410,20012528,20377425,20924289,21557772,21760891,21902583,22017399,22103838,22378925,22783935,23185351,23202514,23215766,23840566,24158961,24416431,24418543,25979195
Neoplasms	2	0.00952380952380952	0.0333278218694885	1.000e+00	1	PFKFB3|OGT	5209|8473	10077634,10508479,12384552,16115917,19473963,23548149,24295899,24633012,26337471,27491040|22923583,23642195,24703950,25147182,25332235,25416956,26416890
